run_id,timestamp_utc,result,puf_bytes,reconstruction_attempts,reconstruction_failures,shs_a_ref,wifi_connect_latency_ms,server_to_session_latency_ms,session_to_demo_latency_ms,t_wifi_connecting_ms,t_wifi_connected_ms,t_server_connected_ms,t_server_auth_ms,t_device_auth_ms,t_session_ok_ms,t_demo_sent_ms,raw_log
0001,2026-10-06T16:24:25.133818+00:00,SUCCESS,420,2,"[{""hw_pct"": 49.783, ""hw_threshold_pct"": 48.5, ""errors_pct"": 0.439, ""error_bits"": 144, ""errors_threshold_pct"": 0.15}]",,3530,70,10,762,4292,4302,4322,4372,4372,4382,logs\run_0001.log
0002,2026-10-06T16:24:34.593949+00:00,SUCCESS,420,2,"[{""hw_pct"": 50.052, ""hw_threshold_pct"": 48.5, ""errors_pct"": 0.452, ""error_bits"": 148, ""errors_threshold_pct"": 0.15}]",,3540,70,10,762,4302,4312,4332,4382,4382,4392,logs\run_0002.log
0003,2026-10-06T16:24:44.253676+00:00,SUCCESS,420,2,"[{""hw_pct"": 49.966, ""hw_threshold_pct"": 48.5, ""errors_pct"": 0.433, ""error_bits"": 142, ""errors_threshold_pct"": 0.15}]",,3560,80,0,762,4322,4332,4352,4412,4412,4412,logs\run_0003.log
0004,2026-10-06T16:24:53.930976+00:00,SUCCESS,420,2,"[{""hw_pct"": 50.015, ""hw_threshold_pct"": 48.5, ""errors_pct"": 0.412, ""error_bits"": 135, ""errors_threshold_pct"": 0.15}]",,3560,70,10,762,4322,4332,4352,4402,4402,4412,logs\run_0004.log
0005,2026-10-06T16:25:03.394794+00:00,SUCCESS,420,2,"[{""hw_pct"": 50.116, ""hw_threshold_pct"": 48.5, ""errors_pct"": 0.397, ""error_bits"": 130, ""errors_threshold_pct"": 0.15}]",,3540,80,0,762,4302,4312,4332,4392,4392,4392,logs\run_0005.log
0006,2026-10-06T16:25:13.058604+00:00,SUCCESS,420,2,"[{""hw_pct"": 49.878, ""hw_threshold_pct"": 48.5, ""errors_pct"": 0.439, ""error_bits"": 144, ""errors_threshold_pct"": 0.15}]",,3540,70,10,762,4302,4322,4342,4392,4392,4402,logs\run_0006.log
0007,2026-10-06T16:25:22.532577+00:00,SUCCESS,420,2,"[{""hw_pct"": 49.863, ""hw_threshold_pct"": 48.5, ""errors_pct"": 0.415, ""error_bits"": 136, ""errors_threshold_pct"": 0.15}]",,3540,70,10,762,4302,4322,4332,4392,4392,4402,logs\run_0007.log
0008,2026-10-06T16:25:32.162061+00:00,SUCCESS,420,2,"[{""hw_pct"": 50.018, ""hw_threshold_pct"": 48.5, ""errors_pct"": 0.424, ""error_bits"": 139, ""errors_threshold_pct"": 0.15}]",,3550,70,0,762,4312,4332,4342,4402,4402,4402,logs\run_0008.log
0009,2026-10-06T16:25:41.643695+00:00,SUCCESS,420,2,"[{""hw_pct"": 50.055, ""hw_threshold_pct"": 48.5, ""errors_pct"": 0.443, ""error_bits"": 145, ""errors_threshold_pct"": 0.15}]",,3550,70,0,762,4312,4322,4342,4392,4392,4392,logs\run_0009.log
0010,2026-10-06T16:25:51.115997+00:00,SUCCESS,420,2,"[{""hw_pct"": 49.948, ""hw_threshold_pct"": 48.5, ""errors_pct"": 0.415, ""error_bits"": 136, ""errors_threshold_pct"": 0.15}]",,3550,70,10,762,4312,4322,4342,4392,4392,4402,logs\run_0010.log
0011,2026-10-06T16:26:00.593861+00:00,SUCCESS,420,2,"[{""hw_pct"": 49.918, ""hw_threshold_pct"": 48.5, ""errors_pct"": 0.403, ""error_bits"": 132, ""errors_threshold_pct"": 0.15}]",,3550,80,0,762,4312,4322,4342,4392,4402,4402,logs\run_0011.log
0012,2026-10-06T16:26:07.636765+00:00,SUCCESS,420,2,"[{""hw_pct"": 49.969, ""hw_threshold_pct"": 48.5, ""errors_pct"": 0.455, ""error_bits"": 149, ""errors_threshold_pct"": 0.15}]",,3540,80,0,762,4302,4312,4332,4382,4392,4392,logs\run_0012.log
0013,2026-10-06T16:26:17.276277+00:00,SUCCESS,420,2,"[{""hw_pct"": 49.942, ""hw_threshold_pct"": 48.5, ""errors_pct"": 0.406, ""error_bits"": 133, ""errors_threshold_pct"": 0.15}]",,3570,80,0,762,4332,4342,4362,4422,4422,4422,logs\run_0013.log
0014,2026-10-06T16:26:26.722956+00:00,SUCCESS,420,2,"[{""hw_pct"": 49.872, ""hw_threshold_pct"": 48.5, ""errors_pct"": 0.485, ""error_bits"": 159, ""errors_threshold_pct"": 0.15}]",,3550,80,0,762,4312,4322,4342,4402,4402,4402,logs\run_0014.log
0015,2026-10-06T16:26:36.370466+00:00,SUCCESS,420,2,"[{""hw_pct"": 49.997, ""hw_threshold_pct"": 48.5, ""errors_pct"": 0.47, ""error_bits"": 154, ""errors_threshold_pct"": 0.15}]",,3560,80,10,762,4322,4332,4352,4412,4412,4422,logs\run_0015.log
0016,2026-10-06T16:26:46.221546+00:00,SUCCESS,420,2,"[{""hw_pct"": 49.942, ""hw_threshold_pct"": 48.5, ""errors_pct"": 0.455, ""error_bits"": 149, ""errors_threshold_pct"": 0.15}]",,3550,270,0,762,4312,4332,4342,4602,4602,4602,logs\run_0016.log
0017,2026-10-06T16:26:55.707859+00:00,SUCCESS,420,2,"[{""hw_pct"": 49.872, ""hw_threshold_pct"": 48.5, ""errors_pct"": 0.464, ""error_bits"": 152, ""errors_threshold_pct"": 0.15}]",,3540,60,10,762,4302,4322,4332,4382,4382,4392,logs\run_0017.log
0018,2026-10-06T16:27:05.387305+00:00,SUCCESS,420,2,"[{""hw_pct"": 50.174, ""hw_threshold_pct"": 48.5, ""errors_pct"": 0.439, ""error_bits"": 144, ""errors_threshold_pct"": 0.15}]",,3560,70,10,762,4322,4332,4352,4402,4402,4412,logs\run_0018.log
0019,2026-10-06T16:27:14.843515+00:00,SUCCESS,420,2,"[{""hw_pct"": 50.079, ""hw_threshold_pct"": 48.5, ""errors_pct"": 0.464, ""error_bits"": 152, ""errors_threshold_pct"": 0.15}]",,3550,70,10,762,4312,4322,4342,4392,4392,4402,logs\run_0019.log
0020,2026-10-06T16:27:24.489742+00:00,SUCCESS,420,2,"[{""hw_pct"": 49.905, ""hw_threshold_pct"": 48.5, ""errors_pct"": 0.494, ""error_bits"": 162, ""errors_threshold_pct"": 0.15}]",,3570,70,10,762,4332,4342,4362,4412,4412,4422,logs\run_0020.log
0021,2026-10-06T16:27:34.146479+00:00,SUCCESS,420,2,"[{""hw_pct"": 49.915, ""hw_threshold_pct"": 48.5, ""errors_pct"": 0.421, ""error_bits"": 138, ""errors_threshold_pct"": 0.15}]",,3540,70,10,762,4302,4312,4332,4382,4382,4392,logs\run_0021.log
0022,2026-10-06T16:27:43.598670+00:00,SUCCESS,420,2,"[{""hw_pct"": 49.673, ""hw_threshold_pct"": 48.5, ""errors_pct"": 0.473, ""error_bits"": 155, ""errors_threshold_pct"": 0.15}]",,3540,70,10,762,4302,4312,4332,4382,4382,4392,logs\run_0022.log
0023,2026-10-06T16:27:53.261466+00:00,SUCCESS,420,2,"[{""hw_pct"": 49.878, ""hw_threshold_pct"": 48.5, ""errors_pct"": 0.482, ""error_bits"": 158, ""errors_threshold_pct"": 0.15}]",,3550,80,10,762,4312,4322,4342,4402,4402,4412,logs\run_0023.log
0024,2026-10-06T16:28:02.910211+00:00,SUCCESS,420,2,"[{""hw_pct"": 49.969, ""hw_threshold_pct"": 48.5, ""errors_pct"": 0.424, ""error_bits"": 139, ""errors_threshold_pct"": 0.15}]",,3540,80,10,762,4302,4312,4332,4392,4392,4402,logs\run_0024.log
0025,2026-10-06T16:28:12.348533+00:00,SUCCESS,420,2,"[{""hw_pct"": 49.96, ""hw_threshold_pct"": 48.5, ""errors_pct"": 0.446, ""error_bits"": 146, ""errors_threshold_pct"": 0.15}]",,3530,80,0,762,4292,4302,4322,4372,4382,4382,logs\run_0025.log
0026,2026-10-06T16:28:21.782293+00:00,SUCCESS,420,2,"[{""hw_pct"": 50.006, ""hw_threshold_pct"": 48.5, ""errors_pct"": 0.485, ""error_bits"": 159, ""errors_threshold_pct"": 0.15}]",,3530,80,0,762,4292,4302,4322,4382,4382,4382,logs\run_0026.log
0027,2026-10-06T16:28:31.221173+00:00,SUCCESS,420,2,"[{""hw_pct"": 50.04, ""hw_threshold_pct"": 48.5, ""errors_pct"": 0.415, ""error_bits"": 136, ""errors_threshold_pct"": 0.15}]",,3540,70,0,762,4302,4312,4332,4382,4382,4382,logs\run_0027.log
0028,2026-10-06T16:28:40.871349+00:00,SUCCESS,420,2,"[{""hw_pct"": 49.707, ""hw_threshold_pct"": 48.5, ""errors_pct"": 0.461, ""error_bits"": 151, ""errors_threshold_pct"": 0.15}]",,3550,80,0,762,4312,4322,4342,4392,4402,4402,logs\run_0028.log
0029,2026-10-06T16:28:50.533329+00:00,SUCCESS,420,2,"[{""hw_pct"": 49.988, ""hw_threshold_pct"": 48.5, ""errors_pct"": 0.418, ""error_bits"": 137, ""errors_threshold_pct"": 0.15}]",,3550,80,0,762,4312,4322,4342,4402,4402,4402,logs\run_0029.log
0030,2026-10-06T16:28:59.992801+00:00,SUCCESS,420,2,"[{""hw_pct"": 49.96, ""hw_threshold_pct"": 48.5, ""errors_pct"": 0.5, ""error_bits"": 164, ""errors_threshold_pct"": 0.15}]",,3560,70,10,762,4322,4332,4342,4402,4402,4412,logs\run_0030.log
